datetime,1m,2m,3m,4m,5m,8m,10m,15m,20m,30m,1h,2h,4h,8h,more,count
2016-01-14 00:22:02,1,0,0,0,0,0,0,0,0,0,0,0,0,0,0,1
2016-01-14 00:45:39,1,0,0,0,0,0,0,0,0,0,0,0,0,0,0,1
2016-01-14 01:12:37,1,0,0,0,0,0,0,0,0,0,0,0,0,0,0,1
2016-01-14 01:53:26,1,0,0,0,0,0,0,0,0,0,0,0,0,0,0,1
2016-01-14 02:24:40,0,0,0,0,0,0,0,0,0,0,0,0,0,0,0,0
2016-01-14 02:49:18,1,0,0,0,0,0,0,0,0,0,0,0,0,0,0,1
2016-01-14 03:20:39,1,0,0,0,0,0,0,0,0,0,0,0,0,0,0,1
2016-01-14 03:52:10,0,0,0,0,0,0,0,0,0,0,0,0,0,0,0,0
2016-01-14 04:28:56,1,0,0,0,0,0,0,0,0,0,0,0,0,0,0,1
2016-01-14 05:06:27,1,0,0,0,0,0,0,0,0,0,0,0,0,0,0,1
2016-01-14 05:43:12,1,0,0,0,0,0,0,0,0,0,0,0,0,0,0,1
2016-01-14 06:21:32,1,0,0,0,0,0,0,0,0,0,0,0,0,0,0,1
2016-01-14 06:59:08,0,0,0,0,0,0,0,0,0,0,0,0,0,0,0,0
2016-01-14 07:17:24,1,0,0,0,0,0,0,0,0,0,0,0,0,0,0,1
2016-01-14 07:49:09,1,0,0,0,0,0,0,0,0,0,0,0,0,0,0,1
2016-01-14 08:08:48,0,0,0,0,0,0,0,0,0,0,0,0,0,0,0,0
2016-01-14 08:40:02,1,0,0,0,0,0,0,0,0,0,0,0,0,0,0,1
2016-01-14 09:10:11,1,0,0,0,0,0,0,0,0,0,0,0,0,0,0,1
2016-01-14 09:36:41,1,0,0,0,0,0,0,0,0,0,0,0,0,0,0,1
2016-01-14 09:49:21,0,0,0,0,0,0,0,0,0,0,0,0,0,0,0,0
2016-01-14 10:13:35,1,0,0,0,0,0,0,0,0,0,0,0,0,0,0,1
2016-01-14 10:25:04,0,0,0,0,0,0,0,0,0,0,0,0,0,0,0,0
2016-01-14 10:37:52,2,0,0,0,0,0,0,0,0,0,0,0,0,0,0,2
2016-01-14 10:57:51,0,0,0,0,0,0,0,0,0,0,0,0,0,0,0,0
2016-01-14 11:14:40,1,0,0,0,0,0,0,0,0,0,0,0,0,0,0,1
2016-01-14 11:45:15,1,0,0,0,0,0,0,0,0,0,0,0,0,0,0,1
2016-01-14 12:03:10,1,0,0,0,0,0,0,0,0,0,0,0,0,0,0,1
2016-01-14 12:17:56,1,0,0,0,0,0,0,0,0,0,0,0,0,0,0,1
2016-01-14 12:37:12,1,0,0,0,0,0,0,0,0,0,0,0,0,0,0,1
2016-01-14 12:52:18,1,0,0,0,0,0,0,0,0,0,0,0,0,0,0,1
2016-01-14 13:17:11,1,0,0,0,0,0,0,0,0,0,0,0,0,0,0,1
2016-01-14 13:45:52,2,0,0,0,0,0,0,0,0,0,0,0,0,0,0,2
2016-01-14 14:03:49,1,0,0,0,0,0,0,0,0,0,0,0,0,0,0,1
2016-01-14 14:31:14,1,0,0,0,0,0,0,0,0,0,0,0,0,0,0,1
2016-01-14 14:54:15,0,0,0,0,0,0,0,0,0,0,0,0,0,0,0,0
2016-01-14 15:11:29,1,0,0,0,0,0,0,0,0,0,0,0,0,0,0,1
2016-01-14 15:36:10,2,0,0,0,0,0,0,0,0,0,0,0,0,0,0,2
2016-01-14 15:51:08,1,0,0,0,0,0,0,0,0,0,0,0,0,0,0,1
2016-01-14 16:00:39,1,0,0,0,0,0,0,0,0,0,0,0,0,0,0,1
2016-01-14 16:12:39,2,0,0,0,0,0,0,0,0,0,0,0,0,0,0,2
2016-01-14 16:23:13,1,0,0,0,0,0,0,0,0,0,0,0,0,0,0,1
2016-01-14 16:31:45,1,0,0,0,0,0,0,0,0,0,0,0,0,0,0,1
2016-01-14 16:47:08,1,0,0,0,0,0,0,0,0,0,0,0,0,0,0,1
2016-01-14 17:00:29,1,0,0,0,0,0,0,0,0,0,0,0,0,0,0,1
2016-01-14 17:11:45,0,0,0,0,0,0,0,0,0,0,0,0,0,0,0,0
2016-01-14 17:22:36,0,0,0,0,0,0,0,0,0,0,0,0,0,0,0,0
2016-01-14 17:31:58,1,0,0,0,0,0,0,0,0,0,0,0,0,0,0,1
2016-01-14 17:41:25,1,0,0,0,0,0,0,0,0,0,0,0,0,0,0,1
2016-01-14 17:52:32,1,0,0,0,0,0,0,0,0,0,0,0,0,0,0,1
2016-01-14 18:03:56,1,0,0,0,0,0,0,0,0,0,0,0,0,0,0,1
2016-01-14 18:14:40,2,0,0,0,0,0,0,0,0,0,0,0,0,0,0,2
2016-01-14 18:32:06,1,0,0,0,0,0,0,0,0,0,0,0,0,0,0,1
2016-01-14 18:42:17,0,0,0,0,0,0,0,0,0,0,0,0,0,0,0,0
2016-01-14 18:54:17,1,0,0,0,0,0,0,0,0,0,0,0,0,0,0,1
2016-01-14 19:08:12,0,0,0,0,0,0,0,0,0,0,0,0,0,0,0,0
2016-01-14 19:25:02,0,0,0,0,0,0,0,0,0,0,0,0,0,0,0,0
2016-01-14 19:39:26,0,0,0,0,0,0,0,0,0,0,0,0,0,0,0,0
2016-01-14 19:55:58,0,0,0,0,0,0,0,0,0,0,0,0,0,0,0,0
2016-01-14 20:10:32,1,0,0,0,0,0,0,0,0,0,0,0,0,0,0,1
2016-01-14 20:23:26,0,0,0,0,0,0,0,0,0,0,0,0,0,0,0,0
2016-01-14 20:43:09,0,0,0,0,0,0,0,0,0,0,0,0,0,0,0,0
2016-01-14 20:53:13,0,0,0,0,0,0,0,0,0,0,0,0,0,0,0,0
2016-01-14 21:10:50,1,0,0,0,0,0,0,0,0,0,0,0,0,0,0,1
2016-01-14 21:33:08,1,0,0,0,0,0,0,0,0,0,0,0,0,0,0,1
2016-01-14 21:45:10,1,0,0,0,0,0,0,0,0,0,0,0,0,0,0,1
2016-01-14 21:56:33,1,0,0,0,0,0,0,0,0,0,0,0,0,0,0,1
2016-01-14 22:10:31,1,0,0,0,0,0,0,0,0,0,0,0,0,0,0,1
2016-01-14 22:25:27,1,0,0,0,0,0,0,0,0,0,0,0,0,0,0,1
2016-01-14 22:41:10,1,0,0,0,0,0,0,0,0,0,0,0,0,0,0,1
2016-01-14 22:57:14,1,0,0,0,0,0,0,0,0,0,0,0,0,0,0,1
2016-01-14 23:13:57,0,0,0,0,0,0,0,0,0,0,0,0,0,0,0,0
2016-01-14 23:25:55,0,0,0,0,0,0,0,0,0,0,0,0,0,0,0,0
2016-01-14 23:38:19,1,0,0,0,0,0,0,0,0,0,0,0,0,0,0,1
2016-01-14 23:51:50,1,0,0,0,0,0,0,0,0,0,0,0,0,0,0,1
2016-01-15 00:16:20,1,0,0,0,0,0,0,0,0,0,0,0,0,0,0,1
2016-01-15 01:20:14,0,0,0,0,0,0,0,0,0,0,0,0,0,0,0,0
2016-01-15 02:33:29,1,0,0,0,0,0,0,0,0,0,0,0,0,0,0,1
2016-01-15 00:06:32,0,0,0,0,0,0,0,0,0,0,0,0,0,0,0,0
2016-01-15 00:39:29,1,0,0,0,0,0,0,0,0,0,0,0,0,0,0,1
2016-01-15 01:07:40,1,0,0,0,0,0,0,0,0,0,0,0,0,0,0,1
2016-01-15 01:33:13,1,0,0,0,0,0,0,0,0,0,0,0,0,0,0,1
2016-01-15 02:01:03,0,0,0,0,0,0,0,0,0,0,0,0,0,0,0,0
2016-01-15 02:30:29,1,0,0,0,0,0,0,0,0,0,0,0,0,0,0,1
2016-01-15 03:04:18,0,0,0,0,0,0,0,0,0,0,0,0,0,0,0,0
2016-01-15 03:29:11,2,0,0,0,0,0,0,0,0,0,0,0,0,0,0,2
2016-01-15 04:09:41,1,0,0,0,0,0,0,0,0,0,0,0,0,0,0,1
2016-01-15 04:43:54,0,0,0,0,0,0,0,0,0,0,0,0,0,0,0,0
2016-01-15 05:12:22,1,0,0,0,0,0,0,0,0,0,0,0,0,0,0,1
2016-01-15 05:47:51,1,0,0,0,0,0,0,0,0,0,0,0,0,0,0,1
2016-01-15 06:14:41,0,0,0,0,0,0,0,0,0,0,0,0,0,0,0,0
2016-01-15 06:42:33,0,0,0,0,0,0,0,0,0,0,0,0,0,0,0,0
2016-01-15 07:14:48,0,0,0,0,0,0,0,0,0,0,0,0,0,0,0,0
2016-01-15 07:47:58,1,0,0,0,0,0,0,0,0,0,0,0,0,0,0,1
2016-01-15 08:11:12,0,0,0,0,0,0,0,0,0,0,0,0,0,0,0,0
2016-01-15 08:32:39,1,0,0,0,0,0,0,0,0,0,0,0,0,0,0,1
2016-01-15 09:16:13,0,0,0,0,0,0,0,0,0,0,0,0,0,0,0,0
2016-01-15 09:31:39,1,0,0,0,0,0,0,0,0,0,0,0,0,0,0,1
2016-01-15 09:43:45,0,0,0,0,0,0,0,0,0,0,0,0,0,0,0,0
2016-01-15 10:00:30,1,0,0,0,0,0,0,0,0,0,0,0,0,0,0,1
2016-01-15 10:13:39,1,0,0,0,0,0,0,0,0,0,0,0,0,0,0,1
2016-01-15 10:23:33,1,0,0,0,0,0,0,0,0,0,0,0,0,0,0,1
2016-01-15 10:34:29,0,0,0,0,0,0,0,0,0,0,0,0,0,0,0,0
2016-01-15 10:45:11,1,0,0,0,0,0,0,0,0,0,0,0,0,0,0,1
2016-01-15 10:55:26,1,0,0,0,0,0,0,0,0,0,0,0,0,0,0,1
2016-01-15 11:04:07,1,0,0,0,0,0,0,0,0,0,0,0,0,0,0,1
2016-01-15 11:12:36,0,0,0,0,0,0,0,0,0,0,0,0,0,0,0,0
2016-01-15 11:22:55,1,0,0,0,0,0,0,0,0,0,0,0,0,0,0,1
2016-01-15 11:32:59,1,0,0,0,0,0,0,0,0,0,0,0,0,0,0,1
2016-01-15 11:44:34,1,0,0,0,0,0,0,0,0,0,0,0,0,0,0,1
2016-01-15 11:56:55,1,0,0,0,0,0,0,0,0,0,0,0,0,0,0,1
2016-01-15 12:10:13,2,0,0,0,0,0,0,0,0,0,0,0,0,0,0,2
2016-01-15 12:23:55,0,0,0,0,0,0,0,0,0,0,0,0,0,0,0,0
2016-01-15 12:42:31,1,0,0,0,0,0,0,0,0,0,0,0,0,0,0,1
2016-01-15 13:04:05,1,0,0,0,0,0,0,0,0,0,0,0,0,0,0,1
2016-01-15 13:23:10,1,0,0,0,0,0,0,0,0,0,0,0,0,0,0,1
2016-01-15 13:34:55,1,0,0,0,0,0,0,0,0,0,0,0,0,0,0,1
2016-01-15 13:46:40,1,0,0,0,0,0,0,0,0,0,0,0,0,0,0,1
2016-01-15 13:56:48,1,0,0,0,0,0,0,0,0,0,0,0,0,0,0,1
2016-01-15 14:07:51,0,0,0,0,0,0,0,0,0,0,0,0,0,0,0,0
2016-01-15 14:18:47,0,0,0,0,0,0,0,0,0,0,0,0,0,0,0,0
2016-01-15 14:29:35,1,0,0,0,0,0,0,0,0,0,0,0,0,0,0,1
2016-01-15 14:42:32,0,0,0,0,0,0,0,0,0,0,0,0,0,0,0,0
2016-01-15 14:54:54,1,0,0,0,0,0,0,0,0,0,0,0,0,0,0,1
2016-01-15 15:25:06,1,0,0,0,0,0,0,0,0,0,0,0,0,0,0,1
2016-01-15 15:39:37,0,0,0,0,0,0,0,0,0,0,0,0,0,0,0,0
2016-01-15 15:52:17,0,0,0,0,0,0,0,0,0,0,0,0,0,0,0,0
2016-01-15 16:03:48,1,0,0,0,0,0,0,0,0,0,0,0,0,0,0,1
2016-01-15 16:17:15,1,0,0,0,0,0,0,0,0,0,0,0,0,0,0,1
2016-01-15 16:39:53,0,0,0,0,0,0,0,0,0,0,0,0,0,0,0,0
2016-01-15 16:58:05,1,0,0,0,0,0,0,0,0,0,0,0,0,0,0,1
2016-01-15 17:10:06,0,0,0,0,0,0,0,0,0,0,0,0,0,0,0,0
2016-01-15 17:25:51,1,0,0,0,0,0,0,0,0,0,0,0,0,0,0,1
2016-01-15 17:39:32,1,0,0,0,0,0,0,0,0,0,0,0,0,0,0,1
2016-01-15 17:53:04,0,0,0,0,0,0,0,0,0,0,0,0,0,0,0,0
2016-01-15 18:25:57,0,0,0,0,0,0,0,0,0,0,0,0,0,0,0,0
2016-01-15 18:43:00,1,0,0,0,0,0,0,0,0,0,0,0,0,0,0,1
2016-01-15 19:13:01,1,0,0,0,0,0,0,0,0,0,0,0,0,0,0,1
2016-01-15 19:29:16,1,0,0,0,0,0,0,0,0,0,0,0,0,0,0,1
2016-01-15 19:54:38,1,0,0,0,0,0,0,0,0,0,0,0,0,0,0,1
2016-01-15 20:19:00,1,0,0,0,0,0,0,0,0,0,0,0,0,0,0,1
2016-01-15 20:41:20,0,0,0,0,0,0,0,0,0,0,0,0,0,0,0,0
2016-01-15 21:19:15,3,0,0,0,0,0,0,0,0,0,0,0,0,0,0,3
2016-01-15 21:53:33,1,0,0,0,0,0,0,0,0,0,0,0,0,0,0,1
2016-01-15 22:56:29,1,0,0,0,0,0,0,0,0,0,0,0,0,0,0,1
2016-01-16 00:59:09,1,0,0,0,0,0,0,0,0,0,0,0,0,0,0,1
2016-01-16 00:53:33,1,0,0,0,0,0,0,0,0,0,0,0,0,0,0,1
2016-01-16 01:50:18,1,0,0,0,0,0,0,0,0,0,0,0,0,0,0,1
2016-01-16 02:50:15,1,0,0,0,0,0,0,0,0,0,0,0,0,0,0,1
2016-01-16 03:48:47,1,0,0,0,0,0,0,0,0,0,0,0,0,0,0,1
2016-01-16 04:32:26,0,0,0,0,0,0,0,0,0,0,0,0,0,0,0,0
2016-01-16 05:56:51,1,0,0,0,0,0,0,0,0,0,0,0,0,0,0,1
2016-01-16 07:03:23,1,0,0,0,0,0,0,0,0,0,0,0,0,0,0,1
2016-01-16 07:45:50,1,0,0,0,0,0,0,0,0,0,0,0,0,0,0,1
2016-01-16 08:29:37,1,0,0,0,0,0,0,0,0,0,0,0,0,0,0,1
2016-01-16 09:10:15,0,0,0,0,0,0,0,0,0,0,0,0,0,0,0,0
2016-01-16 09:23:19,0,0,0,0,0,0,0,0,0,0,0,0,0,0,0,0
2016-01-16 09:48:43,0,0,0,0,0,0,0,0,0,0,0,0,0,0,0,0
2016-01-16 10:37:37,0,0,0,0,0,0,0,0,0,0,0,0,0,0,0,0
2016-01-16 11:30:32,1,0,0,0,0,0,0,0,0,0,0,0,0,0,0,1
2016-01-16 11:59:29,1,0,0,0,0,0,0,0,0,0,0,0,0,0,0,1
2016-01-16 12:23:28,1,0,0,0,0,0,0,0,0,0,0,0,0,0,0,1
2016-01-16 12:40:54,3,0,0,0,0,0,0,0,0,0,0,0,0,0,0,3
2016-01-16 12:51:45,0,0,0,0,0,0,0,0,0,0,0,0,0,0,0,0
2016-01-16 13:02:33,0,0,0,0,0,0,0,0,0,0,0,0,0,0,0,0
2016-01-16 13:13:11,0,0,0,0,0,0,0,0,0,0,0,0,0,0,0,0
2016-01-16 13:23:38,1,0,0,0,0,0,0,0,0,0,0,0,0,0,0,1
2016-01-16 13:41:56,0,0,0,0,0,0,0,0,0,0,0,0,0,0,0,0
2016-01-16 14:07:18,0,0,0,0,0,0,0,0,0,0,0,0,0,0,0,0
2016-01-16 14:29:09,1,0,0,0,0,0,0,0,0,0,0,0,0,0,0,1
2016-01-16 14:40:51,0,0,0,0,0,0,0,0,0,0,0,0,0,0,0,0
2016-01-16 14:52:10,0,0,0,0,0,0,0,0,0,0,0,0,0,0,0,0
2016-01-16 15:03:39,0,0,0,0,0,0,0,0,0,0,0,0,0,0,0,0
2016-01-16 15:14:57,0,0,0,0,0,0,0,0,0,0,0,0,0,0,0,0
2016-01-16 15:31:54,1,0,0,0,0,0,0,0,0,0,0,0,0,0,0,1
2016-01-16 16:00:03,1,0,0,0,0,0,0,0,0,0,0,0,0,0,0,1
2016-01-16 16:29:08,0,0,0,0,0,0,0,0,0,0,0,0,0,0,0,0
2016-01-16 16:52:16,0,0,0,0,0,0,0,0,0,0,0,0,0,0,0,0
2016-01-16 18:00:33,1,0,0,0,0,0,0,0,0,0,0,0,0,0,0,1
2016-01-16 18:57:55,1,0,0,0,0,0,0,0,0,0,0,0,0,0,0,1
2016-01-16 20:00:59,0,0,0,0,0,0,0,0,0,0,0,0,0,0,0,0
2016-01-16 20:46:51,1,0,0,0,0,0,0,0,0,0,0,0,0,0,0,1
2016-01-16 22:07:24,1,0,0,0,0,0,0,0,0,0,0,0,0,0,0,1
2016-01-16 23:47:18,1,0,0,0,0,0,0,0,0,0,0,0,0,0,0,1
2016-01-17 00:56:39,0,0,0,0,0,0,0,0,0,0,0,0,0,0,0,0
2016-01-17 02:01:51,1,0,0,0,0,0,0,0,0,0,0,0,0,0,0,1
2016-01-17 03:42:22,0,0,0,0,0,0,0,0,0,0,0,0,0,0,0,0
2016-01-17 05:36:48,1,0,0,0,0,0,0,0,0,0,0,0,0,0,0,1
2016-01-17 07:19:31,1,0,0,0,0,0,0,0,0,0,0,0,0,0,0,1
2016-01-17 08:22:07,1,0,0,0,0,0,0,0,0,0,0,0,0,0,0,1
2016-01-17 08:42:43,1,0,0,0,0,0,0,0,0,0,0,0,0,0,0,1
2016-01-17 09:29:13,0,0,0,0,0,0,0,0,0,0,0,0,0,0,0,0
2016-01-17 10:50:06,1,0,0,0,0,0,0,0,0,0,0,0,0,0,0,1
2016-01-17 11:37:36,0,0,0,0,0,0,0,0,0,0,0,0,0,0,0,0
2016-01-17 11:58:51,1,0,0,0,0,0,0,0,0,0,0,0,0,0,0,1
2016-01-17 12:23:03,1,0,0,0,0,0,0,0,0,0,0,0,0,0,0,1
2016-01-17 12:55:23,0,0,0,0,0,0,0,0,0,0,0,0,0,0,0,0
2016-01-17 13:18:52,1,0,0,0,0,0,0,0,0,0,0,0,0,0,0,1
2016-01-17 13:45:38,0,0,0,0,0,0,0,0,0,0,0,0,0,0,0,0
2016-01-17 14:10:06,1,0,0,0,0,0,0,0,0,0,0,0,0,0,0,1
2016-01-17 14:34:40,0,0,0,0,0,0,0,0,0,0,0,0,0,0,0,0
2016-01-17 15:04:02,1,0,0,0,0,0,0,0,0,0,0,0,0,0,0,1
2016-01-17 15:34:06,1,0,0,0,0,0,0,0,0,0,0,0,0,0,0,1
2016-01-17 15:58:48,0,0,0,0,0,0,0,0,0,0,0,0,0,0,0,0
2016-01-17 16:57:51,1,0,0,0,0,0,0,0,0,0,0,0,0,0,0,1
2016-01-17 19:20:17,1,0,0,0,0,0,0,0,0,0,0,0,0,0,0,1
2016-01-17 20:23:52,1,0,0,0,0,0,0,0,0,0,0,0,0,0,0,1
2016-01-17 20:51:16,1,0,0,0,0,0,0,0,0,0,0,0,0,0,0,1
2016-01-17 22:09:22,1,0,0,0,0,0,0,0,0,0,0,0,0,0,0,1
2016-01-17 23:19:01,1,0,0,0,0,0,0,0,0,0,0,0,0,0,0,1
2016-01-18 00:22:26,0,0,0,0,0,0,0,0,0,0,0,0,0,0,0,0
2016-01-18 00:45:37,1,0,0,0,0,0,0,0,0,0,0,0,0,0,0,1
2016-01-18 01:44:58,1,0,0,0,0,0,0,0,0,0,0,0,0,0,0,1
2016-01-18 03:42:49,0,0,0,0,0,0,0,0,0,0,0,0,0,0,0,0
2016-01-18 05:51:54,1,0,0,0,0,0,0,0,0,0,0,0,0,0,0,1
2016-01-18 07:16:27,1,0,0,0,0,0,0,0,0,0,0,0,0,0,0,1
2016-01-18 08:16:16,1,0,0,0,0,0,0,0,0,0,0,0,0,0,0,1
2016-01-18 08:53:17,1,0,0,0,0,0,0,0,0,0,0,0,0,0,0,1
2016-01-18 09:22:08,1,0,0,0,0,0,0,0,0,0,0,0,0,0,0,1
2016-01-18 10:08:33,1,0,0,0,0,0,0,0,0,0,0,0,0,0,0,1
2016-01-18 10:54:46,1,0,0,0,0,0,0,0,0,0,0,0,0,0,0,1
2016-01-18 11:37:04,1,0,0,0,0,0,0,0,0,0,0,0,0,0,0,1
2016-01-18 12:28:32,1,0,0,0,0,0,0,0,0,0,0,0,0,0,0,1
2016-01-18 12:42:44,1,0,0,0,0,0,0,0,0,0,0,0,0,0,0,1
2016-01-18 12:50:02,4,0,0,0,0,0,0,0,0,0,0,0,0,0,0,4
2016-01-18 12:58:05,0,0,0,0,0,0,0,0,0,0,0,0,0,0,0,0
2016-01-18 13:06:52,3,0,0,0,0,0,0,0,0,0,0,0,0,0,0,3
2016-01-18 13:13:49,15,0,0,0,0,0,0,0,0,0,0,0,0,0,0,15
2016-01-18 13:20:10,21,5,0,0,0,0,0,0,0,0,0,0,0,0,0,26
2016-01-18 13:26:54,26,8,0,0,0,0,0,0,0,0,0,0,0,0,0,34
2016-01-18 13:35:03,1,0,0,0,0,0,0,0,0,0,0,0,0,0,0,1
2016-01-18 13:42:24,1,0,0,0,0,0,0,0,0,0,0,0,0,0,0,1
2016-01-18 13:49:07,0,0,0,0,0,0,0,0,0,0,0,0,0,0,0,0
2016-01-18 13:55:54,1,0,0,0,0,0,0,0,0,0,0,0,0,0,0,1
2016-01-18 14:03:36,0,0,0,0,0,0,0,0,0,0,0,0,0,0,0,0
2016-01-18 14:17:06,0,0,0,0,0,0,0,0,0,0,0,0,0,0,0,0
2016-01-18 14:46:53,1,0,0,0,0,0,0,0,0,0,0,0,0,0,0,1
2016-01-18 15:12:26,3,0,0,0,0,0,0,0,0,0,0,0,0,0,0,3
2016-01-18 15:38:37,1,0,0,0,0,0,0,0,0,0,0,0,0,0,0,1
2016-01-18 15:58:36,0,0,0,0,0,0,0,0,0,0,0,0,0,0,0,0
2016-01-18 16:18:19,1,0,0,0,0,0,0,0,0,0,0,0,0,0,0,1
2016-01-18 16:36:45,1,0,0,0,0,0,0,0,0,0,0,0,0,0,0,1
2016-01-18 17:06:16,1,0,0,0,0,0,0,0,0,0,0,0,0,0,0,1
2016-01-18 17:54:42,1,0,0,0,0,0,0,0,0,0,0,0,0,0,0,1
2016-01-18 18:30:12,1,0,0,0,0,0,0,0,0,0,0,0,0,0,0,1
2016-01-18 18:57:37,0,0,0,0,0,0,0,0,0,0,0,0,0,0,0,0
2016-01-18 19:43:03,1,0,0,0,0,0,0,0,0,0,0,0,0,0,0,1
2016-01-18 20:28:31,1,0,0,0,0,0,0,0,0,0,0,0,0,0,0,1
2016-01-18 20:55:03,1,0,0,0,0,0,0,0,0,0,0,0,0,0,0,1
2016-01-18 21:33:50,1,0,0,0,0,0,0,0,0,0,0,0,0,0,0,1
2016-01-18 22:11:06,1,0,0,0,0,0,0,0,0,0,0,0,0,0,0,1
2016-01-18 22:51:14,1,0,0,0,0,0,0,0,0,0,0,0,0,0,0,1
2016-01-18 23:34:20,1,0,0,0,0,0,0,0,0,0,0,0,0,0,0,1
2016-01-19 00:16:46,0,0,0,0,0,0,0,0,0,0,0,0,0,0,0,0
2016-01-19 01:08:22,1,0,0,0,0,0,0,0,0,0,0,0,0,0,0,1
2016-01-19 01:33:42,1,0,0,0,0,0,0,0,0,0,0,0,0,0,0,1
2016-01-19 02:00:48,1,0,0,0,0,0,0,0,0,0,0,0,0,0,0,1
2016-01-19 02:21:14,1,0,0,0,0,0,0,0,0,0,0,0,0,0,0,1
2016-01-19 02:41:15,1,0,0,0,0,0,0,0,0,0,0,0,0,0,0,1
2016-01-19 03:06:41,2,0,0,0,0,0,0,0,0,0,0,0,0,0,0,2
2016-01-19 03:27:54,1,0,0,0,0,0,0,0,0,0,0,0,0,0,0,1
2016-01-19 03:51:15,1,0,0,0,0,0,0,0,0,0,0,0,0,0,0,1
2016-01-19 04:15:54,1,0,0,0,0,0,0,0,0,0,0,0,0,0,0,1
2016-01-19 04:44:57,1,0,0,0,0,0,0,0,0,0,0,0,0,0,0,1
2016-01-19 05:10:25,1,0,0,0,0,0,0,0,0,0,0,0,0,0,0,1
2016-01-19 05:25:56,0,0,0,0,0,0,0,0,0,0,0,0,0,0,0,0
2016-01-19 05:51:04,1,0,0,0,0,0,0,0,0,0,0,0,0,0,0,1
2016-01-19 06:18:36,0,0,0,0,0,0,0,0,0,0,0,0,0,0,0,0
2016-01-19 06:43:22,1,0,0,0,0,0,0,0,0,0,0,0,0,0,0,1
2016-01-19 07:07:11,1,0,0,0,0,0,0,0,0,0,0,0,0,0,0,1
2016-01-19 07:35:14,1,0,0,0,0,0,0,0,0,0,0,0,0,0,0,1
2016-01-19 08:02:47,1,0,0,0,0,0,0,0,0,0,0,0,0,0,0,1
2016-01-19 08:22:05,0,0,0,0,0,0,0,0,0,0,0,0,0,0,0,0
2016-01-19 08:38:49,1,0,0,0,0,0,0,0,0,0,0,0,0,0,0,1
2016-01-19 08:47:53,0,0,0,0,0,0,0,0,0,0,0,0,0,0,0,0
2016-01-19 09:05:58,1,0,0,0,0,0,0,0,0,0,0,0,0,0,0,1
2016-01-19 09:33:28,1,0,0,0,0,0,0,0,0,0,0,0,0,0,0,1
2016-01-19 10:08:43,1,0,0,0,0,0,0,0,0,0,0,0,0,0,0,1
2016-01-19 10:49:22,1,0,0,0,0,0,0,0,0,0,0,0,0,0,0,1
2016-01-19 11:03:48,0,0,0,0,0,0,0,0,0,0,0,0,0,0,0,0
2016-01-19 11:11:26,5,0,0,0,0,0,0,0,0,0,0,0,0,0,0,5
2016-01-19 11:18:52,0,0,0,0,0,0,0,0,0,0,0,0,0,0,0,0
2016-01-19 11:26:49,1,0,0,0,0,0,0,0,0,0,0,0,0,0,0,1
2016-01-19 11:33:09,2,0,0,0,0,0,0,0,0,0,0,0,0,0,0,2
2016-01-19 11:40:12,1,0,0,0,0,0,0,0,0,0,0,0,0,0,0,1
2016-01-19 11:48:14,1,0,0,0,0,0,0,0,0,0,0,0,0,0,0,1
2016-01-19 11:55:41,0,0,0,0,0,0,0,0,0,0,0,0,0,0,0,0
2016-01-19 12:03:39,0,0,0,0,0,0,0,0,0,0,0,0,0,0,0,0
2016-01-19 12:11:02,2,0,0,0,0,0,0,0,0,0,0,0,0,0,0,2
2016-01-19 12:18:10,1,0,0,0,0,0,0,0,0,0,0,0,0,0,0,1
2016-01-19 12:27:44,1,0,0,0,0,0,0,0,0,0,0,0,0,0,0,1
2016-01-19 13:02:06,0,0,0,0,0,0,0,0,0,0,0,0,0,0,0,0
2016-01-19 13:44:11,1,0,0,0,0,0,0,0,0,0,0,0,0,0,0,1
2016-01-19 13:59:38,0,0,0,0,0,0,0,0,0,0,0,0,0,0,0,0
2016-01-19 14:12:47,0,0,0,0,0,0,0,0,0,0,0,0,0,0,0,0
2016-01-19 14:25:54,1,0,0,0,0,0,0,0,0,0,0,0,0,0,0,1
2016-01-19 14:52:13,1,0,0,0,0,0,0,0,0,0,0,0,0,0,0,1
2016-01-19 15:17:59,0,0,0,0,0,0,0,0,0,0,0,0,0,0,0,0
2016-01-19 15:38:34,1,0,0,0,0,0,0,0,0,0,0,0,0,0,0,1
2016-01-19 16:09:12,1,0,0,0,0,0,0,0,0,0,0,0,0,0,0,1
2016-01-19 16:38:29,1,0,0,0,0,0,0,0,0,0,0,0,0,0,0,1
2016-01-19 17:20:57,2,0,0,0,0,0,0,0,0,0,0,0,0,0,0,2
2016-01-19 17:52:59,0,0,0,0,0,0,0,0,0,0,0,0,0,0,0,0
2016-01-19 18:15:41,1,0,0,0,0,0,0,0,0,0,0,0,0,0,0,1
2016-01-19 18:38:21,1,0,0,0,0,0,0,0,0,0,0,0,0,0,0,1
2016-01-19 19:24:34,1,0,0,0,0,0,0,0,0,0,0,0,0,0,0,1
2016-01-19 20:07:07,0,0,0,0,0,0,0,0,0,0,0,0,0,0,0,0
2016-01-19 20:43:34,1,0,0,0,0,0,0,0,0,0,0,0,0,0,0,1
2016-01-19 20:57:57,0,0,0,0,0,0,0,0,0,0,0,0,0,0,0,0
2016-01-19 21:37:50,1,0,0,0,0,0,0,0,0,0,0,0,0,0,0,1
2016-01-19 22:18:59,1,0,0,0,0,0,0,0,0,0,0,0,0,0,0,1
2016-01-19 23:24:28,0,0,0,0,0,0,0,0,0,0,0,0,0,0,0,0
2016-01-20 00:27:47,1,0,0,0,0,0,0,0,0,0,0,0,0,0,0,1
2016-01-20 01:09:35,0,0,0,0,0,0,0,0,0,0,0,0,0,0,0,0
2016-01-20 01:45:47,1,0,0,0,0,0,0,0,0,0,0,0,0,0,0,1
2016-01-20 02:42:10,1,0,0,0,0,0,0,0,0,0,0,0,0,0,0,1
2016-01-20 03:35:12,1,0,0,0,0,0,0,0,0,0,0,0,0,0,0,1
2016-01-20 04:25:50,1,0,0,0,0,0,0,0,0,0,0,0,0,0,0,1
2016-01-20 05:44:01,1,0,0,0,0,0,0,0,0,0,0,0,0,0,0,1
2016-01-20 07:16:42,0,0,0,0,0,0,0,0,0,0,0,0,0,0,0,0
2016-01-20 07:39:37,1,0,0,0,0,0,0,0,0,0,0,0,0,0,0,1
2016-01-20 08:09:37,0,0,0,0,0,0,0,0,0,0,0,0,0,0,0,0
2016-01-20 08:51:56,0,0,0,0,0,0,0,0,0,0,0,0,0,0,0,0
2016-01-20 09:16:45,1,0,0,0,0,0,0,0,0,0,0,0,0,0,0,1
2016-01-20 10:09:41,1,0,0,0,0,0,0,0,0,0,0,0,0,0,0,1
2016-01-20 10:42:13,1,0,0,0,0,0,0,0,0,0,0,0,0,0,0,1
2016-01-20 11:05:58,2,0,0,0,0,0,0,0,0,0,0,0,0,0,0,2
2016-01-20 11:40:20,1,0,0,0,0,0,0,0,0,0,0,0,0,0,0,1
2016-01-20 12:07:59,1,0,0,0,0,0,0,0,0,0,0,0,0,0,0,1
2016-01-20 12:32:53,0,0,0,0,0,0,0,0,0,0,0,0,0,0,0,0
2016-01-20 12:57:09,1,0,0,0,0,0,0,0,0,0,0,0,0,0,0,1
2016-01-20 13:11:42,0,0,0,0,0,0,0,0,0,0,0,0,0,0,0,0
2016-01-20 13:44:46,1,0,0,0,0,0,0,0,0,0,0,0,0,0,0,1
2016-01-20 14:36:25,1,0,0,0,0,0,0,0,0,0,0,0,0,0,0,1
2016-01-20 15:24:48,1,0,0,0,0,0,0,0,0,0,0,0,0,0,0,1
2016-01-20 16:13:10,1,0,0,0,0,0,0,0,0,0,0,0,0,0,0,1
2016-01-20 16:46:04,0,0,0,0,0,0,0,0,0,0,0,0,0,0,0,0
2016-01-20 17:22:55,1,0,0,0,0,0,0,0,0,0,0,0,0,0,0,1
2016-01-20 17:43:09,1,0,0,0,0,0,0,0,0,0,0,0,0,0,0,1
2016-01-20 18:12:03,1,0,0,0,0,0,0,0,0,0,0,0,0,0,0,1
2016-01-20 18:36:29,1,0,0,0,0,0,0,0,0,0,0,0,0,0,0,1
2016-01-20 19:04:13,0,0,0,0,0,0,0,0,0,0,0,0,0,0,0,0
2016-01-20 19:34:00,1,0,0,0,0,0,0,0,0,0,0,0,0,0,0,1
2016-01-20 19:49:40,1,0,0,0,0,0,0,0,0,0,0,0,0,0,0,1
2016-01-20 20:07:06,1,0,0,0,0,0,0,0,0,0,0,0,0,0,0,1
2016-01-20 21:01:02,1,0,0,0,0,0,0,0,0,0,0,0,0,0,0,1
2016-01-20 21:23:02,2,0,0,0,0,0,0,0,0,0,0,0,0,0,0,2
2016-01-20 22:29:21,0,0,0,0,0,0,0,0,0,0,0,0,0,0,0,0
2016-01-20 23:05:15,1,0,0,0,0,0,0,0,0,0,0,0,0,0,0,1
2016-01-20 23:47:36,1,0,0,0,0,0,0,0,0,0,0,0,0,0,0,1
2016-01-21 00:55:36,1,0,0,0,0,0,0,0,0,0,0,0,0,0,0,1
2016-01-21 01:55:43,0,0,0,0,0,0,0,0,0,0,0,0,0,0,0,0
2016-01-21 03:00:00,1,0,0,0,0,0,0,0,0,0,0,0,0,0,0,1
2016-01-21 04:05:20,1,0,0,0,0,0,0,0,0,0,0,0,0,0,0,1
2016-01-21 05:06:43,1,0,0,0,0,0,0,0,0,0,0,0,0,0,0,1
2016-01-21 05:35:08,1,0,0,0,0,0,0,0,0,0,0,0,0,0,0,1
2016-01-21 05:58:15,1,0,0,0,0,0,0,0,0,0,0,0,0,0,0,1
2016-01-21 06:22:43,1,0,0,0,0,0,0,0,0,0,0,0,0,0,0,1
2016-01-21 06:44:24,1,0,0,0,0,0,0,0,0,0,0,0,0,0,0,1
2016-01-21 07:36:59,1,0,0,0,0,0,0,0,0,0,0,0,0,0,0,1
2016-01-21 08:36:05,1,0,0,0,0,0,0,0,0,0,0,0,0,0,0,1
2016-01-21 09:31:10,1,0,0,0,0,0,0,0,0,0,0,0,0,0,0,1
2016-01-21 10:11:39,1,0,0,0,0,0,0,0,0,0,0,0,0,0,0,1
2016-01-21 10:40:05,1,0,0,0,0,0,0,0,0,0,0,0,0,0,0,1
2016-01-21 11:12:51,0,0,0,0,0,0,0,0,0,0,0,0,0,0,0,0
2016-01-21 11:41:35,1,0,0,0,0,0,0,0,0,0,0,0,0,0,0,1
2016-01-21 11:55:45,1,0,0,0,0,0,0,0,0,0,0,0,0,0,0,1
2016-01-21 12:17:43,1,0,0,0,0,0,0,0,0,0,0,0,0,0,0,1
2016-01-21 12:38:09,1,0,0,0,0,0,0,0,0,0,0,0,0,0,0,1
2016-01-21 12:58:46,1,0,0,0,0,0,0,0,0,0,0,0,0,0,0,1
2016-01-21 13:30:27,0,0,0,0,0,0,0,0,0,0,0,0,0,0,0,0
2016-01-21 13:45:20,0,0,0,0,0,0,0,0,0,0,0,0,0,0,0,0
2016-01-21 13:57:22,1,0,0,0,0,0,0,0,0,0,0,0,0,0,0,1
2016-01-21 14:11:22,1,0,0,0,0,0,0,0,0,0,0,0,0,0,0,1
2016-01-21 14:36:50,0,0,0,0,0,0,0,0,0,0,0,0,0,0,0,0
2016-01-21 15:14:32,0,0,0,0,0,0,0,0,0,0,0,0,0,0,0,0
2016-01-21 15:52:36,1,0,0,0,0,0,0,0,0,0,0,0,0,0,0,1
2016-01-21 16:11:08,0,0,0,0,0,0,0,0,0,0,0,0,0,0,0,0
2016-01-21 16:23:17,1,0,0,0,0,0,0,0,0,0,0,0,0,0,0,1
2016-01-21 16:40:50,1,0,0,0,0,0,0,0,0,0,0,0,0,0,0,1
2016-01-21 17:05:17,1,0,0,0,0,0,0,0,0,0,0,0,0,0,0,1
2016-01-21 17:18:36,1,0,0,0,0,0,0,0,0,0,0,0,0,0,0,1
2016-01-21 17:37:51,1,0,0,0,0,0,0,0,0,0,0,0,0,0,0,1
2016-01-21 17:53:38,1,0,0,0,0,0,0,0,0,0,0,0,0,0,0,1
2016-01-21 18:17:44,0,0,0,0,0,0,0,0,0,0,0,0,0,0,0,0
2016-01-21 18:48:02,0,0,0,0,0,0,0,0,0,0,0,0,0,0,0,0
2016-01-21 19:20:04,1,0,0,0,0,0,0,0,0,0,0,0,0,0,0,1
2016-01-21 19:53:20,1,0,0,0,0,0,0,0,0,0,0,0,0,0,0,1
2016-01-21 20:28:46,0,0,0,0,0,0,0,0,0,0,0,0,0,0,0,0
2016-01-21 21:01:44,1,0,0,0,0,0,0,0,0,0,0,0,0,0,0,1
2016-01-21 21:41:20,0,0,0,0,0,0,0,0,0,0,0,0,0,0,0,0
2016-01-21 22:21:08,1,0,0,0,0,0,0,0,0,0,0,0,0,0,0,1
2016-01-21 23:00:10,0,0,0,0,0,0,0,0,0,0,0,0,0,0,0,0
2016-01-21 23:41:57,1,0,0,0,0,0,0,0,0,0,0,0,0,0,0,1
2016-01-22 01:46:48,1,0,0,0,0,0,0,0,0,0,0,0,0,0,0,1
2016-01-22 00:10:07,1,0,0,0,0,0,0,0,0,0,0,0,0,0,0,1
2016-01-22 00:56:35,1,0,0,0,0,0,0,0,0,0,0,0,0,0,0,1
2016-01-22 02:16:00,1,0,0,0,0,0,0,0,0,0,0,0,0,0,0,1
2016-01-22 03:25:20,1,0,0,0,0,0,0,0,0,0,0,0,0,0,0,1
2016-01-22 04:30:18,2,0,0,0,0,0,0,0,0,0,0,0,0,0,0,2
2016-01-22 05:27:23,1,0,0,0,0,0,0,0,0,0,0,0,0,0,0,1
2016-01-22 06:28:59,1,0,0,0,0,0,0,0,0,0,0,0,0,0,0,1
2016-01-25 13:39:41,0,0,0,0,0,0,0,0,0,0,0,0,0,0,0,0
2016-01-25 23:28:40,1,0,0,0,0,0,0,0,0,0,0,0,0,0,0,1
2016-01-27 11:51:13,1,0,0,0,0,0,0,0,0,0,0,0,0,0,0,1
2016-01-27 17:42:39,1,0,0,0,0,0,0,0,0,0,0,0,0,0,0,1
2016-01-27 19:18:54,0,0,0,0,0,0,0,0,0,0,0,0,0,0,0,0
2016-01-27 20:04:21,0,0,0,0,0,0,0,0,0,0,0,0,0,0,0,0
2016-01-27 20:53:51,1,0,0,0,0,0,0,0,0,0,0,0,0,0,0,1
2016-01-27 21:49:48,1,0,0,0,0,0,0,0,0,0,0,0,0,0,0,1
2016-01-27 23:07:44,1,0,0,0,0,0,0,0,0,0,0,0,0,0,0,1
2016-01-28 01:51:48,1,0,0,0,0,0,0,0,0,0,0,0,0,0,0,1
2016-01-28 06:52:45,1,0,0,0,0,0,0,0,0,0,0,0,0,0,0,1
2016-01-28 00:22:40,1,0,0,0,0,0,0,0,0,0,0,0,0,0,0,1
2016-01-28 02:15:16,1,0,0,0,0,0,0,0,0,0,0,0,0,0,0,1
2016-01-28 03:30:14,1,0,0,0,0,0,0,0,0,0,0,0,0,0,0,1
2016-01-28 05:50:42,1,0,0,0,0,0,0,0,0,0,0,0,0,0,0,1
2016-01-28 08:30:24,1,0,0,0,0,0,0,0,0,0,0,0,0,0,0,1
2016-01-28 09:02:21,1,0,0,0,0,0,0,0,0,0,0,0,0,0,0,1
2016-01-28 09:25:13,1,0,0,0,0,0,0,0,0,0,0,0,0,0,0,1
2016-01-28 09:34:41,1,0,0,0,0,0,0,0,0,0,0,0,0,0,0,1
2016-01-28 09:38:18,1,0,0,0,0,0,0,0,0,0,0,0,0,0,0,1
2016-01-28 09:45:16,0,0,0,0,0,0,0,0,0,0,0,0,0,0,0,0
2016-01-28 09:53:44,1,0,0,0,0,0,0,0,0,0,0,0,0,0,0,1
2016-01-28 10:10:06,0,0,0,0,0,0,0,0,0,0,0,0,0,0,0,0
2016-01-28 10:32:50,1,0,0,0,0,0,0,0,0,0,0,0,0,0,0,1
2016-01-28 10:55:18,1,0,0,0,0,0,0,0,0,0,0,0,0,0,0,1
2016-01-28 11:13:37,1,0,0,0,0,0,0,0,0,0,0,0,0,0,0,1
2016-01-28 11:31:41,1,0,0,0,0,0,0,0,0,0,0,0,0,0,0,1
2016-01-28 11:51:19,1,0,0,0,0,0,0,0,0,0,0,0,0,0,0,1
2016-01-28 12:06:42,1,0,0,0,0,0,0,0,0,0,0,0,0,0,0,1
2016-01-28 12:30:53,1,0,0,0,0,0,0,0,0,0,0,0,0,0,0,1
2016-01-28 12:59:09,0,0,0,0,0,0,0,0,0,0,0,0,0,0,0,0
2016-01-28 13:25:42,1,0,0,0,0,0,0,0,0,0,0,0,0,0,0,1
2016-01-28 13:50:21,1,0,0,0,0,0,0,0,0,0,0,0,0,0,0,1
2016-01-28 14:15:25,1,0,0,0,0,0,0,0,0,0,0,0,0,0,0,1
2016-01-28 14:39:38,1,0,0,0,0,0,0,0,0,0,0,0,0,0,0,1
2016-01-28 15:05:49,1,0,0,0,0,0,0,0,0,0,0,0,0,0,0,1
2016-01-28 15:29:46,0,0,0,0,0,0,0,0,0,0,0,0,0,0,0,0
2016-01-28 15:51:59,1,0,0,0,0,0,0,0,0,0,0,0,0,0,0,1
2016-01-28 16:22:18,0,0,0,0,0,0,0,0,0,0,0,0,0,0,0,0
2016-01-28 17:10:16,1,0,0,0,0,0,0,0,0,0,0,0,0,0,0,1
2016-01-28 17:43:39,0,0,0,0,0,0,0,0,0,0,0,0,0,0,0,0
2016-01-28 18:19:42,0,0,0,0,0,0,0,0,0,0,0,0,0,0,0,0
2016-01-28 19:05:37,1,0,0,0,0,0,0,0,0,0,0,0,0,0,0,1
2016-01-28 19:42:41,1,0,0,0,0,0,0,0,0,0,0,0,0,0,0,1
2016-01-28 20:29:40,0,0,0,0,0,0,0,0,0,0,0,0,0,0,0,0
2016-01-28 21:20:15,0,0,0,0,0,0,0,0,0,0,0,0,0,0,0,0
2016-01-28 21:47:48,0,0,0,0,0,0,0,0,0,0,0,0,0,0,0,0
2016-01-28 22:26:24,0,0,0,0,0,0,0,0,0,0,0,0,0,0,0,0
2016-01-28 22:57:47,1,0,0,0,0,0,0,0,0,0,0,0,0,0,0,1
2016-01-28 23:50:01,1,0,0,0,0,0,0,0,0,0,0,0,0,0,0,1
2016-01-29 02:27:46,1,0,0,0,0,0,0,0,0,0,0,0,0,0,0,1
2016-01-29 06:53:30,1,0,0,0,0,0,0,0,0,0,0,0,0,0,0,1
2016-01-29 08:37:45,1,0,0,0,0,0,0,0,0,0,0,0,0,0,0,1
2016-01-29 01:19:42,1,0,0,0,0,0,0,0,0,0,0,0,0,0,0,1
2016-01-29 02:35:36,0,0,0,0,0,0,0,0,0,0,0,0,0,0,0,0
2016-01-29 04:57:51,1,0,0,0,0,0,0,0,0,0,0,0,0,0,0,1
2016-01-29 06:22:05,1,0,0,0,0,0,0,0,0,0,0,0,0,0,0,1
2016-01-29 09:23:54,0,0,0,0,0,0,0,0,0,0,0,0,0,0,0,0
2016-01-29 10:06:10,1,0,0,0,0,0,0,0,0,0,0,0,0,0,0,1
2016-01-29 10:51:31,1,0,0,0,0,0,0,0,0,0,0,0,0,0,0,1
2016-01-29 11:37:09,1,0,0,0,0,0,0,0,0,0,0,0,0,0,0,1
2016-01-29 12:07:42,0,0,0,0,0,0,0,0,0,0,0,0,0,0,0,0
2016-01-29 12:38:27,0,0,0,0,0,0,0,0,0,0,0,0,0,0,0,0
2016-01-29 12:52:06,2,0,0,0,0,0,0,0,0,0,0,0,0,0,0,2
2016-01-29 12:56:50,1,0,0,0,0,0,0,0,0,0,0,0,0,0,0,1
2016-01-29 13:02:49,0,0,0,0,0,0,0,0,0,0,0,0,0,0,0,0
2016-01-29 13:09:25,1,0,0,0,0,0,0,0,0,0,0,0,0,0,0,1
2016-01-29 13:14:16,0,0,0,0,0,0,0,0,0,0,0,0,0,0,0,0
2016-01-29 13:28:47,1,0,0,0,0,0,0,0,0,0,0,0,0,0,0,1
2016-01-29 13:42:17,1,0,0,0,0,0,0,0,0,0,0,0,0,0,0,1
2016-01-29 14:20:02,1,0,0,0,0,0,0,0,0,0,0,0,0,0,0,1
2016-01-29 14:54:16,1,0,0,0,0,0,0,0,0,0,0,0,0,0,0,1
2016-01-29 15:25:55,0,0,0,0,0,0,0,0,0,0,0,0,0,0,0,0
2016-01-29 15:57:25,1,0,0,0,0,0,0,0,0,0,0,0,0,0,0,1
2016-01-29 16:14:00,1,0,0,0,0,0,0,0,0,0,0,0,0,0,0,1
2016-01-29 16:29:23,1,0,0,0,0,0,0,0,0,0,0,0,0,0,0,1
2016-01-29 16:44:55,1,0,0,0,0,0,0,0,0,0,0,0,0,0,0,1
2016-01-29 17:00:43,0,0,0,0,0,0,0,0,0,0,0,0,0,0,0,0
2016-01-29 17:12:01,1,0,0,0,0,0,0,0,0,0,0,0,0,0,0,1
2016-01-29 17:31:32,1,0,0,0,0,0,0,0,0,0,0,0,0,0,0,1
2016-01-29 17:51:48,1,0,0,0,0,0,0,0,0,0,0,0,0,0,0,1
2016-01-29 18:14:13,1,0,0,0,0,0,0,0,0,0,0,0,0,0,0,1
2016-01-29 18:40:33,1,0,0,0,0,0,0,0,0,0,0,0,0,0,0,1
2016-01-29 19:01:51,1,0,0,0,0,0,0,0,0,0,0,0,0,0,0,1
2016-01-29 19:33:52,1,0,0,0,0,0,0,0,0,0,0,0,0,0,0,1
2016-01-29 20:18:05,1,0,0,0,0,0,0,0,0,0,0,0,0,0,0,1
2016-01-29 20:47:38,0,0,0,0,0,0,0,0,0,0,0,0,0,0,0,0
2016-01-29 21:07:29,0,0,0,0,0,0,0,0,0,0,0,0,0,0,0,0
2016-01-29 21:40:35,1,0,0,0,0,0,0,0,0,0,0,0,0,0,0,1
2016-01-29 22:17:23,1,0,0,0,0,0,0,0,0,0,0,0,0,0,0,1
2016-01-29 22:56:19,1,0,0,0,0,0,0,0,0,0,0,0,0,0,0,1
2016-01-29 23:36:20,0,0,0,0,0,0,0,0,0,0,0,0,0,0,0,0
2016-01-30 02:02:30,1,0,0,0,0,0,0,0,0,0,0,0,0,0,0,1
2016-01-30 00:36:33,1,0,0,0,0,0,0,0,0,0,0,0,0,0,0,1
2016-01-30 00:52:05,1,0,0,0,0,0,0,0,0,0,0,0,0,0,0,1
2016-01-30 01:30:27,1,0,0,0,0,0,0,0,0,0,0,0,0,0,0,1
2016-01-30 02:06:17,1,0,0,0,0,0,0,0,0,0,0,0,0,0,0,1
2016-01-30 02:33:51,1,0,0,0,0,0,0,0,0,0,0,0,0,0,0,1
2016-01-30 03:16:53,1,0,0,0,0,0,0,0,0,0,0,0,0,0,0,1
2016-01-30 04:01:54,1,0,0,0,0,0,0,0,0,0,0,0,0,0,0,1
2016-01-30 04:44:50,0,0,0,0,0,0,0,0,0,0,0,0,0,0,0,0
2016-01-30 05:16:30,0,0,0,0,0,0,0,0,0,0,0,0,0,0,0,0
2016-01-30 05:43:51,0,0,0,0,0,0,0,0,0,0,0,0,0,0,0,0
2016-01-30 06:32:01,1,0,0,0,0,0,0,0,0,0,0,0,0,0,0,1
2016-01-30 07:27:38,1,0,0,0,0,0,0,0,0,0,0,0,0,0,0,1
2016-01-30 08:20:13,0,0,0,0,0,0,0,0,0,0,0,0,0,0,0,0
2016-01-30 08:47:07,2,0,0,0,0,0,0,0,0,0,0,0,0,0,0,2
2016-01-30 09:21:23,1,0,0,0,0,0,0,0,0,0,0,0,0,0,0,1
2016-01-30 09:51:03,1,0,0,0,0,0,0,0,0,0,0,0,0,0,0,1
2016-01-30 10:20:15,0,0,0,0,0,0,0,0,0,0,0,0,0,0,0,0
2016-01-30 10:47:08,1,0,0,0,0,0,0,0,0,0,0,0,0,0,0,1
2016-01-30 11:23:22,1,0,0,0,0,0,0,0,0,0,0,0,0,0,0,1
2016-01-30 12:05:00,1,0,0,0,0,0,0,0,0,0,0,0,0,0,0,1
2016-01-30 12:51:14,1,0,0,0,0,0,0,0,0,0,0,0,0,0,0,1
2016-01-30 13:31:49,1,0,0,0,0,0,0,0,0,0,0,0,0,0,0,1
2016-01-30 14:22:33,1,0,0,0,0,0,0,0,0,0,0,0,0,0,0,1
2016-01-30 14:49:15,0,0,0,0,0,0,0,0,0,0,0,0,0,0,0,0
2016-01-30 15:35:28,1,0,0,0,0,0,0,0,0,0,0,0,0,0,0,1
2016-01-30 16:08:31,0,0,0,0,0,0,0,0,0,0,0,0,0,0,0,0
2016-01-30 16:36:46,0,0,0,0,0,0,0,0,0,0,0,0,0,0,0,0
2016-01-30 17:08:11,0,0,0,0,0,0,0,0,0,0,0,0,0,0,0,0
2016-01-30 17:41:08,1,0,0,0,0,0,0,0,0,0,0,0,0,0,0,1
2016-01-30 18:45:45,0,0,0,0,0,0,0,0,0,0,0,0,0,0,0,0
2016-01-30 19:08:19,0,0,0,0,0,0,0,0,0,0,0,0,0,0,0,0
2016-01-30 19:53:29,1,0,0,0,0,0,0,0,0,0,0,0,0,0,0,1
2016-01-30 20:40:59,1,0,0,0,0,0,0,0,0,0,0,0,0,0,0,1
2016-01-30 21:22:08,1,0,0,0,0,0,0,0,0,0,0,0,0,0,0,1
2016-01-30 21:51:55,1,0,0,0,0,0,0,0,0,0,0,0,0,0,0,1
2016-01-30 22:09:31,0,0,0,0,0,0,0,0,0,0,0,0,0,0,0,0
2016-01-30 22:28:53,1,0,0,0,0,0,0,0,0,0,0,0,0,0,0,1
2016-01-30 22:58:16,1,0,0,0,0,0,0,0,0,0,0,0,0,0,0,1
2016-01-30 23:41:36,1,0,0,0,0,0,0,0,0,0,0,0,0,0,0,1
2016-01-31 00:26:26,1,0,0,0,0,0,0,0,0,0,0,0,0,0,0,1
2016-01-31 01:09:11,1,0,0,0,0,0,0,0,0,0,0,0,0,0,0,1
2016-01-31 01:39:27,0,0,0,0,0,0,0,0,0,0,0,0,0,0,0,0
2016-01-31 02:18:21,1,0,0,0,0,0,0,0,0,0,0,0,0,0,0,1
2016-01-31 03:04:37,0,0,0,0,0,0,0,0,0,0,0,0,0,0,0,0
2016-01-31 03:40:11,1,0,0,0,0,0,0,0,0,0,0,0,0,0,0,1
2016-01-31 04:28:47,1,0,0,0,0,0,0,0,0,0,0,0,0,0,0,1
2016-01-31 05:32:50,1,0,0,0,0,0,0,0,0,0,0,0,0,0,0,1
2016-01-31 06:18:06,1,0,0,0,0,0,0,0,0,0,0,0,0,0,0,1
2016-01-31 06:40:23,1,0,0,0,0,0,0,0,0,0,0,0,0,0,0,1
2016-01-31 07:15:48,0,0,0,0,0,0,0,0,0,0,0,0,0,0,0,0
2016-01-31 07:53:54,0,0,0,0,0,0,0,0,0,0,0,0,0,0,0,0
2016-01-31 08:25:35,1,0,0,0,0,0,0,0,0,0,0,0,0,0,0,1
2016-01-31 09:03:35,0,0,0,0,0,0,0,0,0,0,0,0,0,0,0,0
2016-01-31 09:52:46,1,0,0,0,0,0,0,0,0,0,0,0,0,0,0,1
2016-01-31 10:18:53,1,0,0,0,0,0,0,0,0,0,0,0,0,0,0,1
2016-01-31 10:45:17,1,0,0,0,0,0,0,0,0,0,0,0,0,0,0,1
2016-01-31 11:22:36,0,0,0,0,0,0,0,0,0,0,0,0,0,0,0,0
2016-01-31 11:40:38,1,0,0,0,0,0,0,0,0,0,0,0,0,0,0,1
2016-01-31 12:01:04,1,0,0,0,0,0,0,0,0,0,0,0,0,0,0,1
2016-01-31 12:43:01,1,0,0,0,0,0,0,0,0,0,0,0,0,0,0,1
2016-01-31 13:26:25,1,0,0,0,0,0,0,0,0,0,0,0,0,0,0,1
2016-01-31 14:21:04,1,0,0,0,0,0,0,0,0,0,0,0,0,0,0,1
2016-01-31 15:01:07,1,0,0,0,0,0,0,0,0,0,0,0,0,0,0,1
2016-01-31 15:30:55,1,0,0,0,0,0,0,0,0,0,0,0,0,0,0,1
2016-01-31 15:51:48,0,0,0,0,0,0,0,0,0,0,0,0,0,0,0,0
2016-01-31 16:19:40,1,0,0,0,0,0,0,0,0,0,0,0,0,0,0,1
2016-01-31 17:03:14,1,0,0,0,0,0,0,0,0,0,0,0,0,0,0,1
2016-01-31 18:16:21,1,0,0,0,0,0,0,0,0,0,0,0,0,0,0,1
2016-01-31 19:33:25,1,0,0,0,0,0,0,0,0,0,0,0,0,0,0,1
2016-01-31 20:49:32,0,0,0,0,0,0,0,0,0,0,0,0,0,0,0,0
2016-01-31 21:53:53,0,0,0,0,0,0,0,0,0,0,0,0,0,0,0,0
2016-01-31 22:24:56,1,0,0,0,0,0,0,0,0,0,0,0,0,0,0,1
2016-01-31 22:45:52,2,0,0,0,0,0,0,0,0,0,0,0,0,0,0,2
2016-01-31 23:12:37,1,0,0,0,0,0,0,0,0,0,0,0,0,0,0,1
2016-01-31 23:45:52,0,0,0,0,0,0,0,0,0,0,0,0,0,0,0,0
2016-02-01 00:27:49,0,0,0,0,0,0,0,0,0,0,0,0,0,0,0,0
2016-02-01 01:07:11,1,0,0,0,0,0,0,0,0,0,0,0,0,0,0,1
2016-02-01 01:48:36,1,0,0,0,0,0,0,0,0,0,0,0,0,0,0,1
2016-02-01 02:48:04,0,0,0,0,0,0,0,0,0,0,0,0,0,0,0,0
2016-02-01 03:40:58,0,0,0,0,0,0,0,0,0,0,0,0,0,0,0,0
2016-02-01 04:20:14,1,0,0,0,0,0,0,0,0,0,0,0,0,0,0,1
2016-02-01 05:23:21,0,0,0,0,0,0,0,0,0,0,0,0,0,0,0,0
2016-02-01 06:13:00,0,0,0,0,0,0,0,0,0,0,0,0,0,0,0,0
2016-02-01 06:39:43,0,0,0,0,0,0,0,0,0,0,0,0,0,0,0,0
2016-02-01 07:19:09,1,0,0,0,0,0,0,0,0,0,0,0,0,0,0,1
2016-02-01 07:44:58,1,0,0,0,0,0,0,0,0,0,0,0,0,0,0,1
2016-02-01 08:32:23,0,0,0,0,0,0,0,0,0,0,0,0,0,0,0,0
2016-02-01 08:40:41,1,0,0,0,0,0,0,0,0,0,0,0,0,0,0,1
2016-02-01 08:52:58,1,0,0,0,0,0,0,0,0,0,0,0,0,0,0,1
2016-02-01 09:17:25,1,0,0,0,0,0,0,0,0,0,0,0,0,0,0,1
2016-02-01 09:34:26,0,0,0,0,0,0,0,0,0,0,0,0,0,0,0,0
2016-02-01 09:51:44,1,0,0,0,0,0,0,0,0,0,0,0,0,0,0,1
2016-02-01 10:20:09,0,0,0,0,0,0,0,0,0,0,0,0,0,0,0,0
2016-02-01 10:55:00,1,0,0,0,0,0,0,0,0,0,0,0,0,0,0,1
2016-02-01 11:31:03,0,0,0,0,0,0,0,0,0,0,0,0,0,0,0,0
2016-02-01 12:02:17,1,0,0,0,0,0,0,0,0,0,0,0,0,0,0,1
2016-02-01 12:22:02,1,0,0,0,0,0,0,0,0,0,0,0,0,0,0,1
2016-02-01 12:43:15,0,0,0,0,0,0,0,0,0,0,0,0,0,0,0,0
2016-02-01 13:02:46,2,0,0,0,0,0,0,0,0,0,0,0,0,0,0,2
2016-02-01 13:35:05,1,0,0,0,0,0,0,0,0,0,0,0,0,0,0,1
2016-02-01 13:58:11,0,0,0,0,0,0,0,0,0,0,0,0,0,0,0,0
2016-02-01 14:12:56,1,0,0,0,0,0,0,0,0,0,0,0,0,0,0,1
2016-02-01 14:25:53,0,0,0,0,0,0,0,0,0,0,0,0,0,0,0,0
2016-02-01 14:47:41,1,0,0,0,0,0,0,0,0,0,0,0,0,0,0,1
2016-02-01 15:12:26,1,0,0,0,0,0,0,0,0,0,0,0,0,0,0,1
2016-02-01 15:33:54,0,0,0,0,0,0,0,0,0,0,0,0,0,0,0,0
2016-02-01 16:05:19,0,0,0,0,0,0,0,0,0,0,0,0,0,0,0,0
2016-02-01 16:32:44,1,0,0,0,0,0,0,0,0,0,0,0,0,0,0,1
2016-02-01 17:06:46,1,0,0,0,0,0,0,0,0,0,0,0,0,0,0,1
2016-02-01 17:41:59,0,0,0,0,0,0,0,0,0,0,0,0,0,0,0,0
2016-02-01 18:12:11,1,0,0,0,0,0,0,0,0,0,0,0,0,0,0,1
2016-02-01 18:33:30,1,0,0,0,0,0,0,0,0,0,0,0,0,0,0,1
2016-02-01 19:02:09,1,0,0,0,0,0,0,0,0,0,0,0,0,0,0,1
2016-02-01 19:37:33,0,0,0,0,0,0,0,0,0,0,0,0,0,0,0,0
2016-02-01 20:23:54,1,0,0,0,0,0,0,0,0,0,0,0,0,0,0,1
2016-02-01 21:06:57,1,0,0,0,0,0,0,0,0,0,0,0,0,0,0,1
2016-02-01 21:34:29,0,0,0,0,0,0,0,0,0,0,0,0,0,0,0,0
2016-02-01 21:53:28,0,0,0,0,0,0,0,0,0,0,0,0,0,0,0,0
2016-02-01 22:13:39,1,0,0,0,0,0,0,0,0,0,0,0,0,0,0,1
2016-02-01 22:33:26,1,0,0,0,0,0,0,0,0,0,0,0,0,0,0,1
2016-02-01 23:14:30,1,0,0,0,0,0,0,0,0,0,0,0,0,0,0,1
2016-02-01 23:53:22,1,0,0,0,0,0,0,0,0,0,0,0,0,0,0,1
2016-02-02 00:33:58,1,0,0,0,0,0,0,0,0,0,0,0,0,0,0,1
2016-02-02 01:06:09,1,0,0,0,0,0,0,0,0,0,0,0,0,0,0,1
2016-02-02 01:41:34,0,0,0,0,0,0,0,0,0,0,0,0,0,0,0,0
2016-02-02 02:33:04,1,0,0,0,0,0,0,0,0,0,0,0,0,0,0,1
2016-02-02 03:17:23,1,0,0,0,0,0,0,0,0,0,0,0,0,0,0,1
2016-02-02 03:45:16,1,0,0,0,0,0,0,0,0,0,0,0,0,0,0,1
2016-02-02 04:08:10,0,0,0,0,0,0,0,0,0,0,0,0,0,0,0,0
2016-02-02 04:36:07,1,0,0,0,0,0,0,0,0,0,0,0,0,0,0,1
2016-02-02 05:16:03,1,0,0,0,0,0,0,0,0,0,0,0,0,0,0,1
2016-02-02 05:45:59,1,0,0,0,0,0,0,0,0,0,0,0,0,0,0,1
2016-02-02 06:14:30,0,0,0,0,0,0,0,0,0,0,0,0,0,0,0,0
2016-02-02 06:50:58,2,0,0,0,0,0,0,0,0,0,0,0,0,0,0,2
2016-02-02 07:24:02,1,0,0,0,0,0,0,0,0,0,0,0,0,0,0,1
2016-02-02 07:55:20,0,0,0,0,0,0,0,0,0,0,0,0,0,0,0,0
2016-02-02 08:06:31,0,0,0,0,0,0,0,0,0,0,0,0,0,0,0,0
2016-02-02 08:20:17,1,0,0,0,0,0,0,0,0,0,0,0,0,0,0,1
2016-02-02 08:38:19,1,0,0,0,0,0,0,0,0,0,0,0,0,0,0,1
2016-02-02 08:53:48,0,0,0,0,0,0,0,0,0,0,0,0,0,0,0,0
2016-02-02 09:22:24,1,0,0,0,0,0,0,0,0,0,0,0,0,0,0,1
2016-02-02 10:11:39,1,0,0,0,0,0,0,0,0,0,0,0,0,0,0,1
2016-02-02 10:48:17,1,0,0,0,0,0,0,0,0,0,0,0,0,0,0,1
2016-02-02 10:56:55,1,0,0,0,0,0,0,0,0,0,0,0,0,0,0,1
2016-02-02 11:03:51,2,0,0,0,0,0,0,0,0,0,0,0,0,0,0,2
2016-02-02 11:22:13,1,0,0,0,0,0,0,0,0,0,0,0,0,0,0,1
2016-02-02 11:27:42,0,0,0,0,0,0,0,0,0,0,0,0,0,0,0,0
2016-02-02 11:42:34,1,0,0,0,0,0,0,0,0,0,0,0,0,0,0,1
2016-02-02 11:49:27,1,0,0,0,0,0,0,0,0,0,0,0,0,0,0,1
2016-02-02 12:07:18,1,0,0,0,0,0,0,0,0,0,0,0,0,0,0,1
2016-02-02 12:13:50,1,0,0,0,0,0,0,0,0,0,0,0,0,0,0,1
2016-02-02 12:31:50,1,0,0,0,0,0,0,0,0,0,0,0,0,0,0,1
2016-02-02 12:38:08,1,0,0,0,0,0,0,0,0,0,0,0,0,0,0,1
2016-02-02 12:52:26,1,0,0,0,0,0,0,0,0,0,0,0,0,0,0,1
2016-02-02 13:02:07,0,0,0,0,0,0,0,0,0,0,0,0,0,0,0,0
2016-02-02 13:16:20,1,0,0,0,0,0,0,0,0,0,0,0,0,0,0,1
2016-02-02 13:26:33,2,0,0,0,0,0,0,0,0,0,0,0,0,0,0,2
2016-02-02 13:31:53,0,0,0,0,0,0,0,0,0,0,0,0,0,0,0,0
2016-02-02 13:41:29,1,0,0,0,0,0,0,0,0,0,0,0,0,0,0,1
2016-02-02 13:49:31,0,0,0,0,0,0,0,0,0,0,0,0,0,0,0,0
2016-02-02 13:55:50,0,0,0,0,0,0,0,0,0,0,0,0,0,0,0,0
2016-02-02 14:09:15,0,0,0,0,0,0,0,0,0,0,0,0,0,0,0,0
2016-02-02 14:16:39,1,0,0,0,0,0,0,0,0,0,0,0,0,0,0,1
2016-02-02 14:30:15,1,0,0,0,0,0,0,0,0,0,0,0,0,0,0,1
2016-02-02 14:37:39,1,0,0,0,0,0,0,0,0,0,0,0,0,0,0,1
2016-02-02 15:00:58,1,0,0,0,0,0,0,0,0,0,0,0,0,0,0,1
2016-02-02 15:15:34,1,0,0,0,0,0,0,0,0,0,0,0,0,0,0,1
2016-02-02 15:28:57,0,0,0,0,0,0,0,0,0,0,0,0,0,0,0,0
2016-02-02 15:55:15,1,0,0,0,0,0,0,0,0,0,0,0,0,0,0,1
2016-02-02 16:30:06,0,0,0,0,0,0,0,0,0,0,0,0,0,0,0,0
2016-02-02 17:00:36,0,0,0,0,0,0,0,0,0,0,0,0,0,0,0,0
2016-02-02 17:43:53,1,0,0,0,0,0,0,0,0,0,0,0,0,0,0,1
2016-02-02 18:16:07,1,0,0,0,0,0,0,0,0,0,0,0,0,0,0,1
2016-02-02 18:54:57,1,0,0,0,0,0,0,0,0,0,0,0,0,0,0,1
2016-02-02 19:40:41,1,0,0,0,0,0,0,0,0,0,0,0,0,0,0,1
2016-02-02 20:17:29,1,0,0,0,0,0,0,0,0,0,0,0,0,0,0,1
2016-02-02 20:40:28,0,0,0,0,0,0,0,0,0,0,0,0,0,0,0,0
2016-02-02 21:04:35,0,0,0,0,0,0,0,0,0,0,0,0,0,0,0,0
2016-02-02 21:20:44,1,0,0,0,0,0,0,0,0,0,0,0,0,0,0,1
2016-02-02 21:50:43,1,0,0,0,0,0,0,0,0,0,0,0,0,0,0,1
2016-02-02 23:07:52,0,0,0,0,0,0,0,0,0,0,0,0,0,0,0,0
2016-02-03 00:40:24,1,0,0,0,0,0,0,0,0,0,0,0,0,0,0,1
2016-02-03 02:14:21,1,0,0,0,0,0,0,0,0,0,0,0,0,0,0,1
2016-02-03 03:44:43,1,0,0,0,0,0,0,0,0,0,0,0,0,0,0,1
2016-02-03 04:45:51,0,0,0,0,0,0,0,0,0,0,0,0,0,0,0,0
2016-02-03 05:45:27,0,0,0,0,0,0,0,0,0,0,0,0,0,0,0,0
2016-02-03 06:37:07,1,0,0,0,0,0,0,0,0,0,0,0,0,0,0,1
2016-02-03 07:54:20,1,0,0,0,0,0,0,0,0,0,0,0,0,0,0,1
2016-02-03 09:04:23,0,0,0,0,0,0,0,0,0,0,0,0,0,0,0,0
2016-02-03 09:29:18,1,0,0,0,0,0,0,0,0,0,0,0,0,0,0,1
2016-02-03 09:44:33,0,0,0,0,0,0,0,0,0,0,0,0,0,0,0,0
2016-02-03 10:04:50,1,0,0,0,0,0,0,0,0,0,0,0,0,0,0,1
2016-02-03 10:26:02,1,0,0,0,0,0,0,0,0,0,0,0,0,0,0,1
2016-02-03 10:49:01,1,0,0,0,0,0,0,0,0,0,0,0,0,0,0,1
2016-02-03 11:12:41,1,0,0,0,0,0,0,0,0,0,0,0,0,0,0,1
2016-02-03 11:32:54,0,0,0,0,0,0,0,0,0,0,0,0,0,0,0,0
2016-02-03 11:51:12,0,0,0,0,0,0,0,0,0,0,0,0,0,0,0,0
2016-02-03 12:17:11,1,0,0,0,0,0,0,0,0,0,0,0,0,0,0,1
2016-02-03 12:34:06,1,0,0,0,0,0,0,0,0,0,0,0,0,0,0,1
2016-02-03 12:57:11,0,0,0,0,0,0,0,0,0,0,0,0,0,0,0,0
2016-02-03 13:19:03,0,0,0,0,0,0,0,0,0,0,0,0,0,0,0,0
2016-02-03 13:35:21,1,0,0,0,0,0,0,0,0,0,0,0,0,0,0,1
2016-02-03 13:52:20,1,0,0,0,0,0,0,0,0,0,0,0,0,0,0,1
2016-02-03 14:01:57,1,0,0,0,0,0,0,0,0,0,0,0,0,0,0,1
2016-02-03 14:12:30,1,0,0,0,0,0,0,0,0,0,0,0,0,0,0,1
2016-02-03 14:29:31,1,0,0,0,0,0,0,0,0,0,0,0,0,0,0,1
2016-02-03 14:44:25,1,0,0,0,0,0,0,0,0,0,0,0,0,0,0,1
2016-02-03 15:04:14,1,0,0,0,0,0,0,0,0,0,0,0,0,0,0,1
2016-02-03 15:18:23,1,0,0,0,0,0,0,0,0,0,0,0,0,0,0,1
2016-02-03 15:33:37,0,0,0,0,0,0,0,0,0,0,0,0,0,0,0,0
2016-02-03 15:51:04,2,0,0,0,0,0,0,0,0,0,0,0,0,0,0,2
2016-02-03 16:13:40,1,0,0,0,0,0,0,0,0,0,0,0,0,0,0,1
2016-02-03 16:37:29,1,0,0,0,0,0,0,0,0,0,0,0,0,0,0,1
2016-02-03 16:59:49,1,0,0,0,0,0,0,0,0,0,0,0,0,0,0,1
2016-02-03 17:24:13,1,0,0,0,0,0,0,0,0,0,0,0,0,0,0,1
2016-02-03 17:50:40,0,0,0,0,0,0,0,0,0,0,0,0,0,0,0,0
2016-02-03 18:16:44,0,0,0,0,0,0,0,0,0,0,0,0,0,0,0,0
2016-02-03 18:43:02,1,0,0,0,0,0,0,0,0,0,0,0,0,0,0,1
2016-02-03 19:08:09,2,0,0,0,0,0,0,0,0,0,0,0,0,0,0,2
2016-02-03 19:36:57,0,0,0,0,0,0,0,0,0,0,0,0,0,0,0,0
2016-02-03 20:21:08,1,0,0,0,0,0,0,0,0,0,0,0,0,0,0,1
2016-02-03 20:53:07,1,0,0,0,0,0,0,0,0,0,0,0,0,0,0,1
2016-02-03 21:28:31,0,0,0,0,0,0,0,0,0,0,0,0,0,0,0,0
2016-02-03 22:27:06,1,0,0,0,0,0,0,0,0,0,0,0,0,0,0,1
2016-02-03 23:23:35,1,0,0,0,0,0,0,0,0,0,0,0,0,0,0,1
2016-02-04 00:55:39,0,0,0,0,0,0,0,0,0,0,0,0,0,0,0,0
2016-02-04 00:35:40,1,0,0,0,0,0,0,0,0,0,0,0,0,0,0,1
2016-02-04 01:48:59,1,0,0,0,0,0,0,0,0,0,0,0,0,0,0,1
2016-02-04 02:45:55,1,0,0,0,0,0,0,0,0,0,0,0,0,0,0,1
2016-02-04 03:38:11,1,0,0,0,0,0,0,0,0,0,0,0,0,0,0,1
2016-02-04 04:25:23,1,0,0,0,0,0,0,0,0,0,0,0,0,0,0,1
2016-02-04 05:13:46,1,0,0,0,0,0,0,0,0,0,0,0,0,0,0,1
2016-02-04 06:33:09,1,0,0,0,0,0,0,0,0,0,0,0,0,0,0,1
2016-02-04 08:03:44,0,0,0,0,0,0,0,0,0,0,0,0,0,0,0,0
2016-02-04 08:38:04,1,0,0,0,0,0,0,0,0,0,0,0,0,0,0,1
2016-02-04 08:49:54,0,0,0,0,0,0,0,0,0,0,0,0,0,0,0,0
2016-02-04 09:05:26,1,0,0,0,0,0,0,0,0,0,0,0,0,0,0,1
2016-02-04 09:36:27,0,0,0,0,0,0,0,0,0,0,0,0,0,0,0,0
2016-02-04 10:22:33,1,0,0,0,0,0,0,0,0,0,0,0,0,0,0,1
2016-02-04 10:53:59,1,0,0,0,0,0,0,0,0,0,0,0,0,0,0,1
2016-02-04 11:17:05,1,0,0,0,0,0,0,0,0,0,0,0,0,0,0,1
2016-02-04 11:37:22,1,0,0,0,0,0,0,0,0,0,0,0,0,0,0,1
2016-02-04 12:01:13,1,0,0,0,0,0,0,0,0,0,0,0,0,0,0,1
2016-02-04 12:22:37,1,0,0,0,0,0,0,0,0,0,0,0,0,0,0,1
2016-02-04 12:55:25,1,0,0,0,0,0,0,0,0,0,0,0,0,0,0,1
2016-02-04 13:14:23,1,0,0,0,0,0,0,0,0,0,0,0,0,0,0,1
2016-02-04 13:20:10,0,0,0,0,0,0,0,0,0,0,0,0,0,0,0,0
2016-02-04 13:27:28,1,0,0,0,0,0,0,0,0,0,0,0,0,0,0,1
2016-02-04 13:34:33,0,0,0,0,0,0,0,0,0,0,0,0,0,0,0,0
2016-02-04 13:41:36,0,0,0,0,0,0,0,0,0,0,0,0,0,0,0,0
2016-02-04 13:48:42,1,0,0,0,0,0,0,0,0,0,0,0,0,0,0,1
2016-02-04 13:55:38,0,0,0,0,0,0,0,0,0,0,0,0,0,0,0,0
2016-02-04 14:06:16,1,0,0,0,0,0,0,0,0,0,0,0,0,0,0,1
2016-02-04 14:15:12,0,0,0,0,0,0,0,0,0,0,0,0,0,0,0,0
2016-02-04 14:22:20,2,0,0,0,0,0,0,0,0,0,0,0,0,0,0,2
2016-02-04 14:29:18,1,0,0,0,0,0,0,0,0,0,0,0,0,0,0,1
2016-02-04 14:37:58,1,0,0,0,0,0,0,0,0,0,0,0,0,0,0,1
2016-02-04 14:48:07,0,0,0,0,0,0,0,0,0,0,0,0,0,0,0,0
2016-02-04 14:55:41,1,0,0,0,0,0,0,0,0,0,0,0,0,0,0,1
2016-02-04 15:04:03,0,0,0,0,0,0,0,0,0,0,0,0,0,0,0,0
2016-02-04 15:12:37,0,0,0,0,0,0,0,0,0,0,0,0,0,0,0,0
2016-02-04 15:21:05,1,0,0,0,0,0,0,0,0,0,0,0,0,0,0,1
2016-02-04 15:28:55,1,0,0,0,0,0,0,0,0,0,0,0,0,0,0,1
2016-02-04 15:36:26,0,0,0,0,0,0,0,0,0,0,0,0,0,0,0,0
2016-02-04 15:45:02,0,0,0,0,0,0,0,0,0,0,0,0,0,0,0,0
2016-02-04 16:06:31,1,0,0,0,0,0,0,0,0,0,0,0,0,0,0,1
2016-02-04 16:26:33,0,0,0,0,0,0,0,0,0,0,0,0,0,0,0,0
2016-02-04 16:48:36,0,0,0,0,0,0,0,0,0,0,0,0,0,0,0,0
2016-02-04 17:09:02,1,0,0,0,0,0,0,0,0,0,0,0,0,0,0,1
2016-02-04 17:35:31,0,0,0,0,0,0,0,0,0,0,0,0,0,0,0,0
2016-02-04 17:55:38,0,0,0,0,0,0,0,0,0,0,0,0,0,0,0,0
2016-02-04 18:10:41,1,0,0,0,0,0,0,0,0,0,0,0,0,0,0,1
2016-02-04 18:42:48,1,0,0,0,0,0,0,0,0,0,0,0,0,0,0,1
2016-02-04 19:00:44,1,0,0,0,0,0,0,0,0,0,0,0,0,0,0,1
2016-02-04 19:26:09,1,0,0,0,0,0,0,0,0,0,0,0,0,0,0,1
2016-02-04 19:54:34,1,0,0,0,0,0,0,0,0,0,0,0,0,0,0,1
2016-02-04 20:32:05,0,0,0,0,0,0,0,0,0,0,0,0,0,0,0,0
2016-02-04 21:00:32,1,0,0,0,0,0,0,0,0,0,0,0,0,0,0,1
2016-02-04 21:39:37,0,0,0,0,0,0,0,0,0,0,0,0,0,0,0,0
2016-02-04 22:03:45,1,0,0,0,0,0,0,0,0,0,0,0,0,0,0,1
2016-02-04 22:32:01,0,0,0,0,0,0,0,0,0,0,0,0,0,0,0,0
2016-02-04 22:51:10,1,0,0,0,0,0,0,0,0,0,0,0,0,0,0,1
2016-02-04 23:12:08,1,0,0,0,0,0,0,0,0,0,0,0,0,0,0,1
2016-02-04 23:27:16,1,0,0,0,0,0,0,0,0,0,0,0,0,0,0,1
2016-02-04 23:49:07,0,0,0,0,0,0,0,0,0,0,0,0,0,0,0,0
2016-02-05 00:35:06,1,0,0,0,0,0,0,0,0,0,0,0,0,0,0,1
2016-02-05 02:28:16,1,0,0,0,0,0,0,0,0,0,0,0,0,0,0,1
2016-02-05 00:19:24,1,0,0,0,0,0,0,0,0,0,0,0,0,0,0,1
2016-02-05 01:04:10,1,0,0,0,0,0,0,0,0,0,0,0,0,0,0,1
2016-02-05 01:26:20,0,0,0,0,0,0,0,0,0,0,0,0,0,0,0,0
2016-02-05 01:42:14,1,0,0,0,0,0,0,0,0,0,0,0,0,0,0,1
2016-02-05 02:04:46,1,0,0,0,0,0,0,0,0,0,0,0,0,0,0,1
2016-02-05 02:25:14,1,0,0,0,0,0,0,0,0,0,0,0,0,0,0,1
2016-02-05 02:54:50,1,0,0,0,0,0,0,0,0,0,0,0,0,0,0,1
2016-02-05 03:26:31,1,0,0,0,0,0,0,0,0,0,0,0,0,0,0,1
2016-02-05 04:14:05,1,0,0,0,0,0,0,0,0,0,0,0,0,0,0,1
2016-02-05 04:47:49,1,0,0,0,0,0,0,0,0,0,0,0,0,0,0,1
2016-02-05 05:11:56,0,0,0,0,0,0,0,0,0,0,0,0,0,0,0,0
2016-02-05 05:46:06,1,0,0,0,0,0,0,0,0,0,0,0,0,0,0,1
2016-02-05 06:31:33,1,0,0,0,0,0,0,0,0,0,0,0,0,0,0,1
2016-02-05 07:06:27,1,0,0,0,0,0,0,0,0,0,0,0,0,0,0,1
2016-02-05 07:34:16,0,0,0,0,0,0,0,0,0,0,0,0,0,0,0,0
2016-02-05 08:00:14,1,0,0,0,0,0,0,0,0,0,0,0,0,0,0,1
2016-02-05 08:30:48,1,0,0,0,0,0,0,0,0,0,0,0,0,0,0,1
2016-02-05 08:58:22,2,0,0,0,0,0,0,0,0,0,0,0,0,0,0,2
2016-02-05 09:15:04,1,0,0,0,0,0,0,0,0,0,0,0,0,0,0,1
2016-02-05 09:32:38,0,0,0,0,0,0,0,0,0,0,0,0,0,0,0,0
2016-02-05 09:59:52,0,0,0,0,0,0,0,0,0,0,0,0,0,0,0,0
2016-02-05 10:19:05,2,0,0,0,0,0,0,0,0,0,0,0,0,0,0,2
2016-02-05 10:36:54,2,0,0,0,0,0,0,0,0,0,0,0,0,0,0,2
2016-02-05 10:57:30,1,0,0,0,0,0,0,0,0,0,0,0,0,0,0,1
2016-02-05 11:20:38,1,0,0,0,0,0,0,0,0,0,0,0,0,0,0,1
2016-02-05 11:47:55,1,0,0,0,0,0,0,0,0,0,0,0,0,0,0,1
2016-02-05 12:09:11,1,0,0,0,0,0,0,0,0,0,0,0,0,0,0,1
2016-02-05 12:32:36,1,0,0,0,0,0,0,0,0,0,0,0,0,0,0,1
2016-02-05 12:54:43,1,0,0,0,0,0,0,0,0,0,0,0,0,0,0,1
2016-02-05 13:07:58,1,0,0,0,0,0,0,0,0,0,0,0,0,0,0,1
2016-02-05 13:33:24,1,0,0,0,0,0,0,0,0,0,0,0,0,0,0,1
2016-02-05 14:00:29,0,0,0,0,0,0,0,0,0,0,0,0,0,0,0,0
2016-02-05 14:16:14,1,0,0,0,0,0,0,0,0,0,0,0,0,0,0,1
2016-02-05 14:37:56,1,0,0,0,0,0,0,0,0,0,0,0,0,0,0,1
2016-02-05 14:54:47,1,0,0,0,0,0,0,0,0,0,0,0,0,0,0,1
2016-02-05 15:04:35,1,0,0,0,0,0,0,0,0,0,0,0,0,0,0,1
2016-02-05 15:22:29,1,0,0,0,0,0,0,0,0,0,0,0,0,0,0,1
2016-02-05 15:31:15,1,0,0,0,0,0,0,0,0,0,0,0,0,0,0,1
2016-02-05 15:46:39,1,0,0,0,0,0,0,0,0,0,0,0,0,0,0,1
2016-02-05 16:03:37,1,0,0,0,0,0,0,0,0,0,0,0,0,0,0,1
2016-02-05 16:12:53,0,0,0,0,0,0,0,0,0,0,0,0,0,0,0,0
2016-02-05 16:30:46,1,0,0,0,0,0,0,0,0,0,0,0,0,0,0,1
2016-02-05 16:42:52,1,0,0,0,0,0,0,0,0,0,0,0,0,0,0,1
2016-02-05 16:56:57,1,0,0,0,0,0,0,0,0,0,0,0,0,0,0,1
2016-02-05 17:05:55,1,0,0,0,0,0,0,0,0,0,0,0,0,0,0,1
